stepsCount,distances,caloriesBurned,timeSpent
2164.04105602515,0.920766968517045,71.7372955273347,00:22:55
